排名,片名,评分,评价人数,导演,主演,简介,年份,类型,片长,IMDb,链接
1,肖申克的救赎,9.7,3284641,弗兰克·德拉邦特 Frank Darabont,蒂姆·罗宾斯 Tim Robbins /...,希望让人自由。,1994,剧情/犯罪,142分钟,tt0111161,https://movie.douban.com/subject/1292052/
2,霸王别姬,9.6,2423365,陈凯歌 Kaige Chen,张国荣 Leslie Cheung / 张丰毅 Fengyi Zha...,风华绝代。,1993,剧情/爱情/同性,171分钟,tt0106332,https://movie.douban.com/subject/1291546/
3,泰坦尼克号,9.5,2498645,詹姆斯·卡梅隆 James Cameron,莱昂纳多·迪卡普里奥 Leonardo...,失去的才是永恒的。,1998,剧情/爱情/灾难,194分钟,tt0120338,https://movie.douban.com/subject/1292722/
4,阿甘正传,9.5,2430466,罗伯特·泽米吉斯 Robert Zemeckis,汤姆·汉克斯 Tom Hanks / ...,一部美国近现代史。,1994,剧情/爱情,142分钟,tt0109830,https://movie.douban.com/subject/1292720/
5,千与千寻,9.4,2537042,宫崎骏 Hayao Miyazaki,柊瑠美 Rumi Hîragi / 入野自由 Miy...,最好的宫崎骏，最好的久石让。,2019,剧情/动画/奇幻,125分钟,tt0245429,https://movie.douban.com/subject/1291561/
6,美丽人生,9.5,1482436,罗伯托·贝尼尼 Roberto Benigni,罗伯托·贝尼尼 Roberto Beni...,最美的谎言。,2020,剧情/喜剧/爱情/战争,116分钟(国际版),tt0118799,https://movie.douban.com/subject/1292063/
7,星际穿越,9.4,2183880,克里斯托弗·诺兰 Christopher Nolan,马修·麦康纳 Matthew Mc...,爱是一种力量，让我们超越时空感知它的存在。,2014,剧情/科幻/冒险,169分钟,tt0816692,https://movie.douban.com/subject/1889243/
8,这个杀手不太冷,9.4,2552471,吕克·贝松 Luc Besson,让·雷诺 Jean Reno / 娜塔莉·波特曼 ...,怪蜀黍和小萝莉不得不说的故事。,2024,剧情/动作/犯罪,133分钟(中国大陆),tt0110413,https://movie.douban.com/subject/1295644/
9,盗梦空间,9.4,2325667,克里斯托弗·诺兰 Christopher Nolan,莱昂纳多·迪卡普里奥 Le...,诺兰给了我们一场无法盗取的梦。,2010,剧情/科幻/悬疑/冒险,148分钟,tt1375666,https://movie.douban.com/subject/3541415/
10,楚门的世界,9.4,2019406,彼得·威尔 Peter Weir,金·凯瑞 Jim Carrey / 劳拉·琳妮 Lau...,如果再也不能见到你，祝你早安，午安，晚安。,1998,剧情/科幻,103分钟,tt0120382,https://movie.douban.com/subject/1292064/
11,辛德勒的名单,9.5,1247276,史蒂文·斯皮尔伯格 Steven Spielberg,连姆·尼森 Liam Neeson...,拯救一个人，就是拯救整个世界。,1993,剧情/历史/战争,195分钟,tt0108052,https://movie.douban.com/subject/1295124/
12,忠犬八公的故事,9.4,1543335,莱塞·霍尔斯道姆 Lasse Hallström,理查·基尔 Richard Ger...,永远都不能忘记你所爱的人。,2009,剧情,93分钟,tt1028532,https://movie.douban.com/subject/3011091/
13,海上钢琴师,9.3,1879655,朱塞佩·托纳多雷 Giuseppe Tornatore,蒂姆·罗斯 Tim Roth / ...,每个人都要走一条自己坚定了的路，就算是粉身碎骨。,2019,剧情/音乐,120分钟(国际版),tt0120731,https://movie.douban.com/subject/1292001/
14,疯狂动物城,9.3,2320256,拜伦·霍华德 Byron Howard / 瑞奇·摩尔 Rich Moore,金妮弗·...,迪士尼给我们营造的乌托邦就是这样，永远善良勇敢，永远出乎意料。,2016,喜剧/动画/冒险,109分钟(中国大陆),tt2948356,https://movie.douban.com/subject/25662329/
15,三傻大闹宝莱坞,9.2,2078663,拉库马·希拉尼 Rajkumar Hirani,阿米尔·汗 Aamir Khan / 卡...,英俊版憨豆，高情商版谢耳朵。,2011,剧情/喜剧/爱情/歌舞,171分钟(印度),tt1187043,https://movie.douban.com/subject/3793023/
16,机器人总动员,9.3,1493631,安德鲁·斯坦顿 Andrew Stanton,本·贝尔特 Ben Burtt / 艾丽...,小瓦力，大人生。,2008,科幻/动画/冒险,98分钟,tt0910970,https://movie.douban.com/subject/2131459/
17,放牛班的春天,9.3,1474039,克里斯托夫·巴拉蒂 Christophe Barratier,让-巴蒂斯特·莫尼...,天籁一般的童声，是最接近上帝的存在。,2004,剧情/音乐,97分钟,tt0372824,https://movie.douban.com/subject/1291549/
18,无间道,9.3,1565395,刘伟强 / 麦兆辉,刘德华 Andy Lau / 梁朝伟 Tony Leung Chiu W...,香港电影史上永不过时的杰作。,2003,剧情/惊悚/犯罪,101分钟,tt0338564,https://movie.douban.com/subject/1307914/
19,控方证人,9.6,743638,比利·怀尔德 Billy Wilder,泰隆·鲍华 Tyrone Power / 玛琳·...,比利·怀德满分作品。,2025,剧情/悬疑/惊悚/犯罪,116分钟,tt0051201,https://movie.douban.com/subject/1296141/
20,寻梦环游记,9.1,1989743,李·昂克里奇 Lee Unkrich / 阿德里安·莫利纳 Adrian Molina,...,死亡不是真的逝去，遗忘才是永恒的消亡。,2017,喜剧/动画/音乐/奇幻,105分钟,tt2380307,https://movie.douban.com/subject/20495023/
21,大话西游之大圣娶亲,9.2,1709830,刘镇伟 Jeffrey Lau,周星驰 Stephen Chow / 吴孟达 Man Tat Ng...,一生所爱。,2014,喜剧/爱情/奇幻/古装,95分钟,tt0114996,https://movie.douban.com/subject/1292213/
22,熔炉,9.3,1036362,黄东赫 Dong-hyuk Hwang,孔侑 Yoo Gong / 郑有美 Yu-mi Jung /...,我们一路奋战不是为了改变世界，而是为了不让世界改变我们。,2011,剧情,125分钟,tt2070649,https://movie.douban.com/subject/5912992/
23,触不可及,9.3,1296281,"奥利维·那卡什 Olivier Nakache / 艾力克·托兰达 Eric Toledano   主...
                            2011 / 法国 / 剧情 喜剧",,满满温情的高雅喜剧。,2011,剧情/喜剧,112分钟,tt1675434,https://movie.douban.com/subject/6786002/
24,教父,9.3,1107708,弗朗西斯·福特·科波拉 Francis Ford Coppola,马龙·白兰度 M...,千万不要记恨你的对手，这样会让你失去理智。,1972,剧情/犯罪,175 分钟,tt0068646,https://movie.douban.com/subject/1291841/
25,末代皇帝,9.3,1029364,贝纳尔多·贝托鲁奇 Bernardo Bertolucci,尊龙 John Lone / 陈...,“不要跟我比惨，我比你更惨”再适合这部电影不过了。,1987,剧情/传记/历史,163分钟,tt0093389,https://movie.douban.com/subject/1293172/
26,哈利·波特与魔法石,9.2,1423555,Chris Columbus,Daniel Radcliffe / Emma Watson / Rupert Grint,童话世界的开端。,2002,奇幻/冒险,152分钟,tt0241527,https://movie.douban.com/subject/1295038/
27,当幸福来敲门,9.1,1688543,加布里尔·穆奇诺 Gabriele Muccino,威尔·史密斯 Will Smith ...,平民励志片。,2008,剧情/家庭/传记,117分钟,tt0454921,https://movie.douban.com/subject/1849031/
28,龙猫,9.2,1411818,宫崎骏 Hayao Miyazaki,日高法子 Noriko Hidaka / 坂本千夏 Ch...,人人心中都有个龙猫，童年就永远不会消失。,2018,动画/奇幻/冒险,86分钟,tt0096283,https://movie.douban.com/subject/1291560/
29,活着,9.3,970786,张艺谋 Yimou Zhang,葛优 You Ge / 巩俐 Li Gong / 姜武 Wu Jiang,张艺谋最好的电影。,1994,剧情/家庭/历史,132分钟,tt0110081,https://movie.douban.com/subject/1292365/
30,怦然心动,9.1,2052056,罗伯·莱纳 Rob Reiner,玛德琳·卡罗尔 Madeline Carroll / 卡...,真正的幸福是来自内心深处。,2010,剧情/喜剧/爱情,90分钟,tt0817177,https://movie.douban.com/subject/3319755/
31,蝙蝠侠：黑暗骑士,9.2,1193387,克里斯托弗·诺兰 Christopher Nolan,克里斯蒂安·贝尔 Christ...,无尽的黑暗。,2008,剧情/动作/科幻/惊悚/犯罪,152分钟,tt0468569,https://movie.douban.com/subject/1851857/
32,指环王3：王者无敌,9.3,911120,彼得·杰克逊 Peter Jackson,伊利亚·伍德 Elijah Wood / 西恩...,史诗的终章。,2004,剧情/动作/奇幻/冒险,201分钟,tt0167260,https://movie.douban.com/subject/1291552/
33,我不是药神,9.0,2351337,文牧野 Muye Wen,徐峥 Zheng Xu / 王传君 Chuanjun Wang / 周...,对我们国家而言，这样的电影多一部是一部。,2018,剧情/喜剧,117分钟,tt7362036,https://movie.douban.com/subject/26752088/
34,乱世佳人,9.3,796114,维克多·弗莱明 Victor Fleming / 乔治·库克 George Cukor,费...,Tomorrow is another day.,1939,剧情/爱情/历史/战争,233分钟,tt0031381,https://movie.douban.com/subject/1300267/
35,飞屋环游记,9.1,1501719,彼特·道格特 Pete Docter / 鲍勃·彼德森 Bob Peterson,爱德...,最后那些最无聊的事情，才是最值得怀念的。,2009,剧情/喜剧/动画/冒险,96分钟,tt1049413,https://movie.douban.com/subject/2129039/
36,让子弹飞,9.0,1921355,姜文 Wen Jiang,姜文 Wen Jiang / 葛优 You Ge / 周润发 Yun-F...,你给我翻译翻译，神马叫做TMD的惊喜。,2010,剧情/喜剧/动作/西部,132分钟,tt1533117,https://movie.douban.com/subject/3742360/
37,哈尔的移动城堡,9.1,1292270,宫崎骏 Hayao Miyazaki,倍赏千惠子 Chieko Baishô / 木村拓...,带着心爱的人在天空飞翔。,2024,爱情/动画/奇幻/冒险,119分钟,tt0347149,https://movie.douban.com/subject/1308807/
38,十二怒汉,9.4,579556,西德尼·吕美特 Sidney Lumet,亨利·方达 Henry Fonda / 马丁...,1957年的理想主义。,1957,剧情,96分钟,tt0050083,https://movie.douban.com/subject/1293182/
39,海蒂和爷爷,9.3,782682,阿兰·葛斯彭纳 Alain Gsponer,阿努克·斯特芬 Anuk Steffen /...,如果生活中有什么使你感到快乐，那就去做吧！不要管别人说什么。,2019,剧情/家庭/冒险,111分钟,tt3700392,https://movie.douban.com/subject/25958717/
40,素媛,9.3,776752,李濬益 Jun-ik Lee,薛景求 Kyung-gu Sol / 严志媛 Ji-won Uhm ...,受过伤害的人总是笑得最开心，因为他们不愿意让身边的人承受一样的痛苦。,2013,剧情,122分钟,tt3153634,https://movie.douban.com/subject/21937452/
41,猫鼠游戏,9.1,1212233,史蒂文·斯皮尔伯格 Steven Spielberg,莱昂纳多·迪卡普里奥 L...,骗子大师和执著警探的你追我跑故事。,2003,剧情/传记/犯罪,141 分钟,tt0264464,https://movie.douban.com/subject/1305487/
42,天空之城,9.2,1009884,宫崎骏 Hayao Miyazaki,田中真弓 Mayumi Tanaka / 横泽启子 Ke...,对天空的追逐，永不停止。,1992,动画/奇幻/冒险,125分钟,tt0092067,https://movie.douban.com/subject/1291583/
43,鬼子来了,9.3,715848,姜文 Wen Jiang,姜文 Wen Jiang / 香川照之 Teruyuki Kagawa /...,对敌人的仁慈，就是对自己残忍。,2000,剧情/喜剧,139分钟,tt0245929,https://movie.douban.com/subject/1291858/
44,摔跤吧！爸爸,9.0,1746515,涅提·蒂瓦里 Nitesh Tiwari,阿米尔·汗 Aamir Khan / 法缇玛...,你不是在为你一个人战斗，你要让千千万万的女性看到女生并不是只能相夫教子。,2017,剧情/家庭/传记/运动,161分钟(印度),tt5074352,https://movie.douban.com/subject/26387939/
45,少年派的奇幻漂流,9.1,1490630,李安 Ang Lee,苏拉·沙玛 Suraj Sharma / 伊尔凡·可汗 Irrfan...,瑰丽壮观、无人能及的冒险之旅。,2012,剧情/奇幻/冒险,127分钟,tt0454876,https://movie.douban.com/subject/1929463/
46,钢琴家,9.3,750943,罗曼·波兰斯基 Roman Polanski,艾德里安·布洛迪 Adrien Brod...,,2002,剧情/音乐/传记/战争,149分钟,tt0253474,https://movie.douban.com/subject/1296736/
47,指环王2：双塔奇兵,9.2,858097,彼得·杰克逊 Peter Jackson,伊利亚·伍德 Elijah Wood / 西恩...,承前启后的史诗篇章。,2003,剧情/动作/奇幻/冒险,180分钟,tt0167261,https://movie.douban.com/subject/1291572/
48,死亡诗社,9.2,884606,彼得·威尔 Peter Weir,罗宾·威廉姆斯 Robin Williams / 罗伯...,当一个死水般的体制内出现一个活跃的变数时，所有的腐臭都站在了光明的对面。,1989,剧情,128 分钟,tt0097165,https://movie.douban.com/subject/1291548/
49,大话西游之月光宝盒,9.0,1366662,刘镇伟 Jeffrey Lau,周星驰 Stephen Chow / 吴孟达 Man Tat Ng...,,2014,喜剧/爱情/奇幻/古装,88分钟,tt0112778,https://movie.douban.com/subject/1299398/
50,绿皮书,8.9,1894480,彼得·法雷里 Peter Farrelly,维果·莫腾森 Viggo Mortensen /...,去除成见，需要勇气。,2019,剧情/喜剧/音乐/传记,130分钟,tt6966692,https://movie.douban.com/subject/27060077/
51,何以为家,9.1,1163310,娜丁·拉巴基 Nadine Labaki,扎因·拉费阿 Zain al-Rafeea / ...,凝视卑弱生命，用电影改变命运。,2019,剧情,126分钟,tt8267604,https://movie.douban.com/subject/30170448/
52,闻香识女人,9.1,1024286,马丁·布莱斯 Martin Brest,阿尔·帕西诺 Al Pacino / 克里斯...,,1992,剧情,157 分钟,tt0105323,https://movie.douban.com/subject/1298624/
53,大闹天宫,9.4,510434,万籁鸣 Laiming Wan,邱岳峰 Yuefeng Qiu / 富润生 Runsheng Fu...,,1961,剧情/动画/奇幻/古装,113分钟,tt0059855,https://movie.douban.com/subject/1418019/
54,黑客帝国,9.1,951526,"安迪·沃卓斯基 Andy Wachowski / 拉娜·沃卓斯基 Lana Wachowski   主...
                            1999 / 美国 / 动作 科幻",,,2000,动作/科幻,136分钟,tt0133093,https://movie.douban.com/subject/1291843/
55,指环王1：护戒使者,9.1,961231,彼得·杰克逊 Peter Jackson,伊利亚·伍德 Elijah Wood / 西恩...,,2002,剧情/动作/奇幻/冒险,179分钟,tt0120737,https://movie.douban.com/subject/1291571/
56,罗马假日,9.1,1049359,威廉·惠勒 William Wyler,奥黛丽·赫本 Audrey Hepburn / 格...,,1953,剧情/喜剧/爱情,118分钟,tt0046250,https://movie.douban.com/subject/1293839/
57,教父2,9.3,640913,弗朗西斯·福特·科波拉 Francis Ford Coppola,阿尔·帕西诺 A...,,1974,剧情/犯罪,202分钟,tt0071562,https://movie.douban.com/subject/1299131/
58,狮子王,9.1,961956,Roger Allers / 罗伯·明可夫 Rob Minkoff,乔纳森·泰勒·托马...,,1995,动画/歌舞/冒险,89 分钟,tt0110357,https://movie.douban.com/subject/1301753/
59,天堂电影院,9.2,742156,朱塞佩·托纳多雷 Giuseppe Tornatore,菲利普·努瓦雷 Philipp...,,2021,剧情/爱情,173分钟(导演剪辑版),tt0095765,https://movie.douban.com/subject/1291828/
60,饮食男女,9.2,726445,李安 Ang Lee,郎雄 Sihung Lung / 杨贵媚 Kuei-Mei Yang / 吴...,,1994,剧情/家庭,124分钟,tt0111797,https://movie.douban.com/subject/1291818/
61,辩护人,9.2,658708,杨宇硕 Woo-seok Yang,宋康昊 Kang-ho Song / 金英爱 Yeong-ae...,电影的现实意义大过电影本身。,2013,剧情,127分钟,tt3404140,https://movie.douban.com/subject/21937445/
62,本杰明·巴顿奇事,9.0,1106393,大卫·芬奇 David Fincher,布拉德·皮特 Brad Pitt / 凯特·布...,在时间之河里感受溺水之苦。,2008,剧情/爱情/奇幻,166分钟,tt0421715,https://movie.douban.com/subject/1485260/
63,搏击俱乐部,9.0,977115,大卫·芬奇 David Fincher,爱德华·诺顿 Edward Norton / 布拉...,,1999,剧情/动作/悬疑/惊悚,139 分钟,tt0137523,https://movie.douban.com/subject/1292000/
64,美丽心灵,9.1,854378,朗·霍华德 Ron Howard,罗素·克劳 Russell Crowe / 艾德·哈...,,2001,剧情/传记,135分钟,tt0268978,https://movie.douban.com/subject/1306029/
65,穿条纹睡衣的男孩,9.2,642653,马克·赫尔曼 Mark Herman,阿萨·巴特菲尔德 Asa Butterfield ...,尽管有些不切实际的幻想，这部电影依旧是一部感人肺腑的佳作。,2008,剧情/战争,94分钟,tt0914798,https://movie.douban.com/subject/3008247/
66,哈利·波特与死亡圣器(下),9.0,972218,大卫·叶茨 David Yates,丹尼尔·雷德克里夫 Daniel Radcliffe...,10年的完美句点。,2011,奇幻/冒险,130分钟,tt1201607,https://movie.douban.com/subject/3011235/
67,情书,8.9,1327727,岩井俊二 Shunji Iwai,中山美穗 Miho Nakayama / 丰川悦司 Ets...,,1999,剧情/爱情,117分钟,tt0113703,https://movie.douban.com/subject/1292220/
68,两杆大烟枪,9.1,678983,盖·里奇 Guy Ritchie,杰森·弗莱明 Jason Flemyng / 德克斯特...,,1998,剧情/喜剧/犯罪,107分钟,tt0120735,https://movie.douban.com/subject/1293350/
69,窃听风暴,9.2,632859,"弗洛里安·亨克尔·冯·多纳斯马尔克 Florian Henckel von Donnersmarck  &n...
                            2006 / 德国 / 剧情 悬疑",,别样人生。,2006,剧情/悬疑,137分钟,tt0405094,https://movie.douban.com/subject/1900841/
70,音乐之声,9.1,685235,罗伯特·怀斯 Robert Wise,朱莉·安德鲁斯 Julie Andrews / 克...,,1965,剧情/爱情/歌舞/传记,174分钟,tt0059742,https://movie.douban.com/subject/1294408/
71,功夫,8.9,1338592,周星驰 Stephen Chow,周星驰 Stephen Chow / 元秋 Qiu Yuen / ...,警恶惩奸，维护世界和平这个任务就交给你了，好吗？,2004,喜剧/动作/犯罪/奇幻,100分钟(3D重映),tt0373074,https://movie.douban.com/subject/1291543/
72,哈利·波特与阿兹卡班的囚徒,9.0,892757,阿方索·卡隆 Alfonso Cuarón,丹尼尔·雷德克里夫 Daniel Rad...,不一样的导演，不一样的哈利·波特。,2004,奇幻/冒险,141分钟,tt0304141,https://movie.douban.com/subject/1291544/
73,阿凡达,8.8,1588177,詹姆斯·卡梅隆 James Cameron,萨姆·沃辛顿 Sam Worthington ...,绝对意义上的美轮美奂。,2010,动作/科幻/冒险,162分钟,tt0499549,https://movie.douban.com/subject/1652587/
74,西西里的美丽传说,8.9,1094819,朱塞佩·托纳多雷 Giuseppe Tornatore,莫妮卡·贝鲁奇 Monica ...,,2000,剧情/情色/战争,108分钟,tt0213847,https://movie.douban.com/subject/1292402/
75,看不见的客人,8.8,1443212,奥里奥尔·保罗 Oriol Paulo,马里奥·卡萨斯 Mario Casas / 阿...,你以为你以为的就是你以为的。,2017,剧情/悬疑/惊悚/犯罪,106分钟,tt4857264,https://movie.douban.com/subject/26580232/
76,拯救大兵瑞恩,9.1,726209,史蒂文·斯皮尔伯格 Steven Spielberg,汤姆·汉克斯 Tom Hanks...,,1998,剧情/战争,169分钟,tt0120815,https://movie.douban.com/subject/1292849/
77,沉默的羔羊,8.9,1018083,乔纳森·戴米 Jonathan Demme,朱迪·福斯特 Jodie Foster / 安...,,1991,剧情/惊悚/犯罪,118分钟,tt0102926,https://movie.douban.com/subject/1293544/
78,小鞋子,9.2,467129,马基德·马基迪 Majid Majidi,默罕默德·阿米尔·纳吉 Mohamma...,,1997,剧情/家庭/儿童,89分钟,tt0118849,https://movie.douban.com/subject/1303021/
79,布达佩斯大饭店,8.9,1087545,韦斯·安德森 Wes Anderson,拉尔夫·费因斯 Ralph Fiennes / ...,小清新的故事里注入了大历史的情怀。,2014,剧情/喜剧/冒险,99分钟,tt2278388,https://movie.douban.com/subject/11525673/
80,蝴蝶效应,8.9,1070193,"埃里克·布雷斯 Eric Bress / J·麦基·格鲁伯 J. Mackye Gruber   主...
                            2004 / 美国 加拿大 / 剧情 悬疑 科幻 惊悚",,人的命运被自己瞬间的抉择改变。,2004,剧情/科幻/悬疑/惊悚,113分钟,tt0289879,https://movie.douban.com/subject/1292343/
81,飞越疯人院,9.1,605293,米洛斯·福尔曼 Miloš Forman,杰克·尼科尔森 Jack Nichols...,,1975,剧情,133分钟,tt0073486,https://movie.douban.com/subject/1292224/
82,还有明天,9.3,374242,宝拉·柯特莱西 Paola Cortellesi,宝拉·柯特莱西 Paola Corte...,,2025,剧情/喜剧/历史,118分钟,tt21800162,https://movie.douban.com/subject/36445098/
83,禁闭岛,8.9,1116096,Martin Scorsese,莱昂纳多·迪卡普里奥 Leonardo DiCaprio / ...,昔日翩翩少年，今日大腹便便。,2010,剧情/悬疑/惊悚,138分钟,tt1130884,https://movie.douban.com/subject/2334904/
84,心灵捕手,9.0,816843,格斯·范·桑特 Gus Van Sant,马特·达蒙 Matt Damon / 罗宾·...,,1997,剧情,126分钟,tt0119217,https://movie.douban.com/subject/1292656/
85,致命魔术,8.9,966008,克里斯托弗·诺兰 Christopher Nolan,休·杰克曼 Hugh Jackman...,孪生蝙蝠侠大战克隆金刚狼。,2006,剧情/悬疑/惊悚,130分钟,tt0482571,https://movie.douban.com/subject/1780330/
86,低俗小说,8.9,961805,昆汀·塔伦蒂诺 Quentin Tarantino,约翰·特拉沃尔塔 John Tra...,,1994,剧情/喜剧/犯罪,154分钟,tt0110912,https://movie.douban.com/subject/1291832/
87,哈利·波特与密室,8.9,919217,Chris Columbus,丹尼尔·雷德克里夫 Daniel Radcliffe / 艾玛...,,2003,奇幻/冒险,161分钟,tt0295297,https://movie.douban.com/subject/1296996/
88,超脱,9.0,725206,托尼·凯耶 Tony Kaye,艾德里安·布洛迪 Adrien Brody / 马西...,穷尽一生，我们要学会的，不过是彼此拥抱。,2011,剧情,98分钟,tt1683526,https://movie.douban.com/subject/5322596/
89,一一,9.1,512693,杨德昌 Edward Yang,吴念真 / 李凯莉 Kelly Lee / 金燕玲 Elai...,,2017,剧情/爱情/家庭,173分钟,tt0244316,https://movie.douban.com/subject/1292434/
90,喜剧之王,8.8,1098096,周星驰 Stephen Chow / 李力持 Lik-Chi Lee,周星驰 Stephen Ch...,,1999,剧情/喜剧/爱情,89分钟,tt0188766,https://movie.douban.com/subject/1302425/
91,致命ID,8.9,952246,詹姆斯·曼高德 James Mangold,约翰·库萨克 John Cusack / 雷...,,2003,剧情/悬疑/惊悚,90分钟,tt0309698,https://movie.douban.com/subject/1297192/
92,杀人回忆,8.9,839775,奉俊昊 Joon-ho Bong,宋康昊 Kang-ho Song / 金相庆 Sang-kyun...,,2003,剧情/动作/悬疑/惊悚/犯罪,132分钟,tt0353969,https://movie.douban.com/subject/1300299/
93,摩登时代,9.3,348037,查理·卓别林 Charles Chaplin,查理·卓别林 Charles Chaplin ...,,1936,剧情/喜剧/爱情,87分钟,tt0027977,https://movie.douban.com/subject/1294371/
94,春光乍泄,9.0,711078,王家卫 Kar Wai Wong,张国荣 Leslie Cheung / 梁朝伟 Tony Leu...,,1997,剧情/爱情/同性,96分钟,tt0118845,https://movie.douban.com/subject/1292679/
95,加勒比海盗,8.8,971286,戈尔·维宾斯基 Gore Verbinski,约翰尼·德普 Johnny Depp / ...,,2003,动作/奇幻/冒险,143 分钟,tt0325980,https://movie.douban.com/subject/1298070/
96,海豚湾,9.3,382983,路易·西霍尤斯 Louie Psihoyos,路易·西霍尤斯 Louie Psihoyo...,海豚的微笑，是世界上最高明的伪装。,2009,纪录片,92分钟,tt1313104,https://movie.douban.com/subject/3442220/
97,美国往事,9.1,473265,赛尔乔·莱翁内 Sergio Leone,罗伯特·德尼罗 Robert De Niro ...,,1984,剧情/犯罪,229分钟(导演剪辑版),tt0087843,https://movie.douban.com/subject/1292262/
98,红辣椒,9.0,572402,今敏 Satoshi Kon,林原惠美 Megumi Hayashibara / 江守彻 Toru...,梦的勾结。,2006,科幻/动画/悬疑/惊悚,90 分钟,tt0851578,https://movie.douban.com/subject/1865703/
99,七宗罪,8.8,1065087,大卫·芬奇 David Fincher,摩根·弗里曼 Morgan Freeman / 布...,,1995,剧情/悬疑/惊悚/犯罪,127分钟,tt0114369,https://movie.douban.com/subject/1292223/
100,唐伯虎点秋香,8.8,1227810,李力持 Lik-Chi Lee,周星驰 Stephen Chow / 巩俐 Li Gong / 陈...,,1993,喜剧/爱情/古装,102 分钟,tt0108289,https://movie.douban.com/subject/1306249/
101,狩猎,9.1,472491,托马斯·温特伯格 Thomas Vinterberg,麦斯·米科尔森 Mads Mik...,人言可畏。,2012,剧情,115分钟,tt2106476,https://movie.douban.com/subject/6985810/
102,幽灵公主,8.9,671898,宫崎骏 Hayao Miyazaki,松田洋治 Yôji Matsuda / 石田百合...,,2025,动画/奇幻/冒险,134分钟,tt0119698,https://movie.douban.com/subject/1297359/
103,甜蜜蜜,8.9,676243,陈可辛 Peter Chan,黎明 Leon Lai / 张曼玉 Maggie Cheung / ...,,2015,剧情/爱情,118分钟(中国大陆),tt0117905,https://movie.douban.com/subject/1305164/
104,寄生虫,8.8,1552402,奉俊昊 Joon-ho Bong,宋康昊 Kang-ho Song / 李善均 Seon-gyun...,,2019,剧情,132分钟,tt6751668,https://movie.douban.com/subject/27010768/
105,天书奇谭,9.2,336920,王树忱 Shuchen Wang / 钱运达 Yunda Qian,丁建华 Jianhua Din...,,1983,动画/奇幻,89分钟,tt6035092,https://movie.douban.com/subject/1428581/
106,蝙蝠侠：黑暗骑士崛起,8.9,816670,克里斯托弗·诺兰 Christopher Nolan,克里斯蒂安·贝尔 Christ...,诺兰就是保证。,2012,剧情/动作/科幻/惊悚/犯罪,165分钟,tt1345836,https://movie.douban.com/subject/3395373/
107,超能陆战队,8.8,1148999,唐·霍尔 Don Hall / 克里斯·威廉姆斯 Chris Williams,斯科特...,Balalala~~~,2015,喜剧/动作/科幻/动画/冒险,102分钟,tt2245084,https://movie.douban.com/subject/11026735/
108,7号房的礼物,8.9,623904,李焕庆 Hwan-kyeong Lee,柳承龙 Seung-yong Ryoo / 朴信惠 Shi...,《我是山姆》的《美丽人生》。,2013,剧情/喜剧/家庭,127分钟,tt2659414,https://movie.douban.com/subject/10777687/
109,茶馆,9.5,210757,谢添 Tian Xie,于是之 Shizhi Yu / 郑榕 Rong Zhen / 蓝天野 T...,,1982,剧情/历史,118分钟,tt1395030,https://movie.douban.com/subject/1461403/
110,第六感,8.9,641053,M·奈特·沙马兰 M. Night Shyamalan,布鲁斯·威利斯 Bruce Wi...,,1999,剧情/悬疑/惊悚,107分钟,tt0167404,https://movie.douban.com/subject/1297630/
111,爱在黎明破晓前,8.8,804942,理查德·林克莱特 Richard Linklater,伊桑·霍克 Ethan Hawke ...,,1995,剧情/爱情,101分钟,tt0112471,https://movie.douban.com/subject/1296339/
112,爱在日落黄昏时,8.9,657030,理查德·林克莱特 Richard Linklater,伊桑·霍克 Ethan Hawke ...,九年后的重逢是世俗和责任的交叠，没了悸动和青涩，沧桑而温暖。,2004,剧情/爱情,80 分钟,tt0381681,https://movie.douban.com/subject/1291990/
113,被嫌弃的松子的一生,8.8,777132,中岛哲也 Tetsuya Nakashima,中谷美纪 Miki Nakatani / 瑛太 E...,以戏谑来戏谑戏谑。,2006,剧情/歌舞,130 分钟,tt0768120,https://movie.douban.com/subject/1787291/
114,头脑特工队,8.8,810388,"彼特·道格特 Pete Docter / 罗纳尔多·德尔·卡门 Ronaldo Del Carmen  &nb...
                            2015 / 美国 / 喜剧 动画 冒险",,愿我们都不用长大，每一座城堡都能永远存在。,2015,喜剧/动画/冒险,95分钟,tt2096673,https://movie.douban.com/subject/10533913/
115,哈利·波特与火焰杯,8.8,805285,迈克·内威尔 Mike Newell,丹尼尔·雷德克里夫 Daniel Radclif...,,2005,悬疑/奇幻/冒险,157分钟,tt0330373,https://movie.douban.com/subject/1309055/
116,未麻的部屋,9.1,427677,今敏 Satoshi Kon,岩男润子 Junko Iwao / 松本梨香 Rica Matsu...,,1997,剧情/动画/悬疑/惊悚/犯罪,81分钟,tt0156887,https://movie.douban.com/subject/1395091/
117,重庆森林,8.8,926061,王家卫 Kar Wai Wong,林青霞 Brigitte Lin / 金城武 Takeshi K...,,1994,剧情/爱情,102分钟,tt0109424,https://movie.douban.com/subject/1291999/
118,借东西的小人阿莉埃蒂,8.9,630118,米林宏昌 Hiromasa Yonebayashi,志田未来 Mirai Shida / 神木...,曾经的那段美好会沉淀为一辈子的记忆。,2010,动画/奇幻/冒险,94分钟,tt1568921,https://movie.douban.com/subject/4202302/
119,菊次郎的夏天,8.9,675887,北野武 Takeshi Kitano,北野武 Takeshi Kitano / 关口雄介 Yus...,,2020,剧情/喜剧,121分钟,tt0199683,https://movie.douban.com/subject/1293359/
120,入殓师,8.9,744915,泷田洋二郎 Yôjirô Takita,本木雅弘 Masahiro Motoki / ...,死可能是一道门，逝去并不是终结，而是超越，走向下一程。,2021,剧情,130分钟,tt1069238,https://movie.douban.com/subject/2149806/
121,断背山,8.8,785440,李安 Ang Lee,希斯·莱杰 Heath Ledger / 杰克·吉伦哈尔 Jake...,每个人心中都有一座断背山。,2005,剧情/爱情/同性/家庭,134分钟,tt0388795,https://movie.douban.com/subject/1418834/
122,剪刀手爱德华,8.7,1123523,蒂姆·波顿 Tim Burton,约翰尼·德普 Johnny Depp / 薇诺娜·...,,1990,剧情/爱情/奇幻,105分钟,tt0099487,https://movie.douban.com/subject/1292370/
123,勇敢的心,8.9,607189,梅尔·吉布森 Mel Gibson,梅尔·吉布森 Mel Gibson / 苏菲·玛...,,1995,剧情/动作/传记/历史/战争,178分钟,tt0112573,https://movie.douban.com/subject/1294639/
124,时空恋旅人,8.8,797123,理查德·柯蒂斯 Richard Curtis,多姆纳尔·格里森 Domhnall Gl...,把每天当作最后一天般珍惜度过，积极拥抱生活，就是幸福。,2013,喜剧/爱情/奇幻,123分钟,tt2194499,https://movie.douban.com/subject/10577869/
125,驯龙高手,8.8,869355,迪恩·德布洛斯 Dean DeBlois / 克里斯·桑德斯 Chris Sanders,...,和谐的生活离不开摸头与被摸头。,2010,动画/奇幻/冒险,98分钟,tt0892769,https://movie.douban.com/subject/2353023/
126,消失的爱人,8.7,1077406,大卫·芬奇 David Fincher,本·阿弗莱克 Ben Affleck / 罗莎蒙...,年度最佳date movie。,2014,剧情/悬疑/惊悚/犯罪,149分钟,tt2267998,https://movie.douban.com/subject/21318488/
127,无人知晓,9.1,374307,是枝裕和 Hirokazu Koreeda,柳乐优弥 Yûya Yagira / 北浦爱...,我的平常生活就是他人的幸福。,2004,剧情,141分钟,tt0408664,https://movie.douban.com/subject/1292337/
128,傲慢与偏见,8.7,942283,乔·怀特 Joe Wright,凯拉·奈特莉 Keira Knightley / 马修·...,爱是摈弃傲慢与偏见之后的曙光。,2005,剧情/爱情,129 分钟,tt0414387,https://movie.douban.com/subject/1418200/
129,倩女幽魂,8.8,838490,程小东 Siu-Tung Ching,张国荣 Leslie Cheung / 王祖贤 Joey W...,,2011,爱情/奇幻/武侠/古装,96分钟,tt0093978,https://movie.douban.com/subject/1297447/
130,新世界,8.9,530784,朴勋政 Hoon-jung Park,李政宰 Jung-Jae Lee / 崔岷植 Min-sik...,要做就做得狠一点，这样才能活下去。,2013,剧情/犯罪,135分钟,tt2625030,https://movie.douban.com/subject/10437779/
131,花样年华,8.8,809513,王家卫 Kar Wai Wong,张曼玉 Maggie Cheung / 梁朝伟 Tony Leu...,,2000,剧情/爱情,103分钟(导演剪辑版),tt0118694,https://movie.douban.com/subject/1291557/
132,玩具总动员3,8.9,595522,李·昂克里奇 Lee Unkrich,汤姆·汉克斯 Tom Hanks / 蒂姆·艾...,跨度十五年的欢乐与泪水。,2010,喜剧/动画/奇幻/冒险,103分钟,tt0435761,https://movie.douban.com/subject/1858711/
133,一个叫欧维的男人决定去死,8.9,572284,汉内斯·赫尔姆 Hannes Holm,罗夫·拉斯加德 Rolf Lassgård...,惠及一生的美丽。,2015,剧情,116分钟,tt4080728,https://movie.douban.com/subject/26628357/
134,色，戒,8.7,966244,李安 Ang Lee,梁朝伟 Tony Leung Chiu Wai / 汤唯 Wei Tang / ...,假戏真情，爱欲深海,2007,剧情/爱情/情色,158分钟,tt0808357,https://movie.douban.com/subject/1828115/
135,完美的世界,9.1,361606,克林特·伊斯特伍德 Clint Eastwood,凯文·科斯特纳 Kevin Cos...,,1993,剧情/犯罪,138分钟,tt0107808,https://movie.douban.com/subject/1300992/
136,怪兽电力公司,8.8,773653,彼特·道格特 Pete Docter / 大卫·斯沃曼 David Silverman,约...,,2001,喜剧/动画/儿童/奇幻/冒险,92分钟,tt0198781,https://movie.douban.com/subject/1291579/
137,阳光灿烂的日子,8.8,698298,姜文 Wen Jiang,夏雨 Yu Xia / 宁静 Jing Ning / 陶虹 Hong Tao,,1995,剧情/爱情,134分钟(中国大陆),tt0111786,https://movie.douban.com/subject/1291875/
138,教父3,9.0,434684,弗朗西斯·福特·科波拉 Francis Ford Coppola,阿尔·帕西诺 A...,,1990,剧情/犯罪,162分钟,tt0099674,https://movie.douban.com/subject/1294240/
139,小森林 夏秋篇,9.0,475412,森淳一 Junichi Mori,桥本爱 Ai Hashimoto / 三浦贵大 Takahir...,那些静得只能听见呼吸的日子里，你明白孤独即生活。,2014,剧情,111分钟,tt3474600,https://movie.douban.com/subject/25814705/
140,天使爱美丽,8.7,1023464,让-皮埃尔·热内 Jean-Pierre Jeunet,奥黛丽·塔图 Audrey Tau...,,2001,剧情/喜剧/爱情,122分钟,tt0211915,https://movie.douban.com/subject/1292215/
141,侧耳倾听,8.9,522654,近藤喜文 Yoshifumi Kondo,本名阳子 Youko Honna / 小林桂树 K...,,1995,剧情/爱情/动画,111分钟,tt0113824,https://movie.douban.com/subject/1297052/
142,哪吒闹海,9.2,309865,王树忱 Shuchen Wang / 严定宪 Dingxian Yan,梁正晖 Zhenghui ...,,1979,动画/奇幻/冒险,62分钟,tt0354770,https://movie.douban.com/subject/1307315/
143,九品芝麻官,8.8,798166,王晶 Jing Wong,周星驰 Stephen Chow / 吴孟达 Man Tat Ng / ...,,1994,剧情/喜剧/古装,108分钟,tt0110201,https://movie.douban.com/subject/1297518/
144,被解救的姜戈,8.8,695930,昆汀·塔伦蒂诺 Quentin Tarantino,杰米·福克斯 Jamie Foxx /...,热血沸腾，那个低俗、性感的无耻混蛋又来了。,2013,剧情/动作/西部/冒险,163分钟(中国大陆),tt1853728,https://movie.douban.com/subject/6307447/
145,请以你的名字呼唤我,8.8,828414,卢卡·瓜达尼诺 Luca Guadagnino,艾米·汉莫 Armie Hammer / ...,沉醉在电影的情感和视听氛围中无法自拔。,2017,剧情/爱情/同性,132分钟,tt5726616,https://movie.douban.com/subject/26799731/
146,幸福终点站,8.8,645108,史蒂文·斯皮尔伯格 Steven Spielberg,汤姆·汉克斯 Tom Hanks...,有时候幸福需要等一等。,2005,剧情/喜剧/爱情,128分钟,tt0362227,https://movie.douban.com/subject/1292274/
147,釜山行,8.6,1355646,延尚昊 Sang-ho Yeon,孔刘 Yoo Gong / 郑有美 Yu-mi Jung / 马...,揭露人性的丧尸题材力作。,2016,动作/惊悚/灾难,118分钟,tt5700672,https://movie.douban.com/subject/25986180/
148,神偷奶爸,8.7,1050726,皮艾尔·柯芬 Pierre Coffin / 克里斯·雷纳德 Chris Renaud,...,Mr. I Don't Care其实也有Care的时候。,2010,喜剧/动画/冒险,95分钟,tt1323594,https://movie.douban.com/subject/3287562/
149,小森林 冬春篇,9.0,422391,森淳一 Junichi Mori,桥本爱 Ai Hashimoto / 三浦贵大 Takahir...,尊敬他人，尊敬你生活的这片土地，明白孤独是人生的常态。,2015,剧情,120分钟,tt3474602,https://movie.douban.com/subject/25814707/
150,喜宴,9.0,434414,李安 Ang Lee,赵文瑄 Winston Chao / 归亚蕾 Ya-lei Kuei / 郎...,,1993,剧情/喜剧/爱情/同性/家庭,108分钟,tt0107156,https://movie.douban.com/subject/1303037/
151,萤火之森,8.8,614200,大森贵弘 Takahiro Omori,佐仓绫音 Ayane Sakura / 内山昂辉 K...,触不到的恋人。,2011,剧情/爱情/动画/奇幻,45分钟,tt2061702,https://movie.douban.com/subject/5989818/
152,告白,8.8,746738,中岛哲也 Tetsuya Nakashima,松隆子 Takako Matsu / 冈田将生 ...,没有一人完全善，也没有一人完全恶。,2010,剧情/悬疑,106分钟,tt1590089,https://movie.douban.com/subject/4268598/
153,玛丽和麦克斯,9.0,472735,亚当·艾略特 Adam Elliot,托妮·科莱特 Toni Collette / 菲利...,你是我最好的朋友，你是我唯一的朋友 。,2025,剧情/喜剧/动画,90分钟(中国大陆),tt0978762,https://movie.douban.com/subject/3072124/
154,七武士,9.3,237220,黑泽明 Akira Kurosawa,三船敏郎 Toshirô Mifune / 志村乔 ...,,1954,剧情/动作/冒险,207分钟,tt0047478,https://movie.douban.com/subject/1295399/
155,头号玩家,8.6,1522780,史蒂文·斯皮尔伯格 Steven Spielberg,泰伊·谢里丹 Tye Sheri...,写给影迷，动漫迷和游戏迷的一封情书。,2018,动作/科幻/冒险,140分钟,tt1677720,https://movie.douban.com/subject/4920389/
156,模仿游戏,8.8,722899,莫滕·泰杜姆 Morten Tyldum,本尼迪克特·康伯巴奇 Benedict C...,他给机器起名“克里斯托弗”，因为这是他初恋的名字。,2015,剧情/同性/传记/战争,114分钟,tt2084970,https://movie.douban.com/subject/10463953/
157,惊魂记,9.0,358745,阿尔弗雷德·希区柯克 Alfred Hitchcock,安东尼·博金斯 Antho...,,1960,悬疑/惊悚/恐怖,109分钟,tt0054215,https://movie.douban.com/subject/1293181/
158,大鱼,8.8,629354,蒂姆·波顿 Tim Burton,伊万·麦克格雷格 Ewan McGregor / 阿...,,2003,剧情/爱情/奇幻/冒险,125分钟,tt0319061,https://movie.douban.com/subject/1291545/
159,机器人之梦,9.1,444654,巴勃罗·贝格尔 Pablo Berger,伊万·拉班达 Ivan Labanda,,2024,剧情/动画/音乐,102分钟,tt13429870,https://movie.douban.com/subject/35426925/
160,心灵奇旅,8.7,1148920,彼特·道格特 Pete Docter / 凯普·鲍尔斯 Kemp Powers,杰米·...,,2020,动画/音乐/奇幻,100分钟,tt2948372,https://movie.douban.com/subject/24733428/
161,背靠背，脸对脸,9.5,181577,黄建新 Jianxin Huang / 杨亚洲 Yazhou Yang,牛振华 Zhenhua N...,,1994,剧情,148分钟,tt0109235,https://movie.douban.com/subject/1307856/
162,血战钢锯岭,8.7,862792,梅尔·吉布森 Mel Gibson,安德鲁·加菲尔德 Andrew Garfield /...,优秀的战争片不会美化战场，不会粉饰死亡，不会矮化敌人，不会无视常识，最重要的，不会宣扬战争。,2016,剧情/传记/历史/战争,139分钟(中国大陆),tt2119532,https://movie.douban.com/subject/26325320/
163,射雕英雄传之东成西就,8.7,720612,刘镇伟 Jeffrey Lau,梁朝伟 Tony Leung Chiu Wai / 林青霞 Bri...,,1993,喜剧/奇幻/武侠/古装,113分钟(香港),tt0108074,https://movie.douban.com/subject/1316510/
164,你的名字。,8.5,1599901,新海诚 Makoto Shinkai,神木隆之介 Ryûnosuke Kamiki / 上...,穿越错位的时空，仰望陨落的星辰，你没留下你的名字，我却无法忘记那句“我爱你”。,2016,剧情/爱情/动画,106分钟,tt5311514,https://movie.douban.com/subject/26683290/
165,我是山姆,9.0,378450,杰茜·尼尔森 Jessie Nelson,Sean Penn / Dakota Fanning / Mi...,,2001,剧情/家庭,132 分钟,tt0277027,https://movie.douban.com/subject/1306861/
166,阳光姐妹淘,8.8,640898,姜炯哲 Hyeong-Cheol Kang,沈恩京 Eun-kyung Shim / 闵孝琳 Hy...,再多各自牛逼的时光，也比不上一起傻逼的岁月。,2011,剧情/喜剧,124分钟,tt1937339,https://movie.douban.com/subject/4917726/
167,恐怖直播,8.7,731396,金秉祐 Byeong-woo Kim,河正宇 Jung-woo Ha / 李璟荣 Kyeong-y...,恐怖分子的“秋菊打官司”。,2013,剧情/悬疑/犯罪,97分钟,tt2990738,https://movie.douban.com/subject/21360417/
168,黑客帝国3：矩阵革命,8.8,499580,"拉娜·沃卓斯基 Lana Wachowski / 莉莉·沃卓斯基 Lilly Wachowski   ...
                            2003 / 美国 / 动作 科幻",,,2003,动作/科幻,129 分钟,tt0242653,https://movie.douban.com/subject/1302467/
169,末路狂花,9.0,352687,雷德利·斯科特 Ridley Scott,吉娜·戴维斯 Geena Davis / 苏...,,1991,剧情/惊悚/犯罪,130 分钟,tt0103074,https://movie.douban.com/subject/1291992/
170,高山下的花环,9.5,161402,谢晋 Jin Xie,吕晓禾 Xiaohe Lü / 唐国强 Guoqiang Tang / 何...,,1984,剧情/战争,146分钟,tt0090340,https://movie.douban.com/subject/1422283/
171,小丑,8.7,1129192,托德·菲利普斯 Todd Phillips,杰昆·菲尼克斯 Joaquin Phoeni...,,2019,剧情/惊悚/犯罪,122分钟,tt7286456,https://movie.douban.com/subject/27119724/
172,谍影重重3,8.9,473415,保罗·格林格拉斯 Paul Greengrass,马特·达蒙 Matt Damon / ...,像吃了苏打饼一样干脆的电影。,2007,动作/悬疑/惊悚,115分钟,tt0440963,https://movie.douban.com/subject/1578507/
173,三块广告牌,8.7,924014,马丁·麦克唐纳 Martin McDonagh,弗兰西斯·麦克多蒙德 France...,怼天怼地，你走后，她与世界为敌。,2018,剧情/犯罪,115分钟,tt5027774,https://movie.douban.com/subject/26611804/
174,电锯惊魂,8.7,616422,詹姆斯·温 James Wan,雷·沃纳尔 Leigh Whannell / 加利·艾...,真相就在眼前。,2004,悬疑/惊悚/恐怖,103分钟,tt0387564,https://movie.douban.com/subject/1417598/
175,无间道2,8.8,570959,刘伟强 Andrew Lau / 麦兆辉 Alan Mak,陈冠希 Edison Chen / ...,,2003,剧情/惊悚/犯罪,119分钟,tt0369060,https://movie.douban.com/subject/1307106/
176,达拉斯买家俱乐部,8.8,508687,让-马克·瓦雷 Jean-Marc Vallée,马修·麦康纳 Matthew McCon...,Jared Leto的腿比女人还美！,2013,剧情/同性/传记,117分钟,tt0790636,https://movie.douban.com/subject/1793929/
177,疯狂原始人,8.7,925009,"科克·德·米科 Kirk De Micco / 克里斯·桑德斯 Chris Sanders   主演...
                            2013 / 美国 / 喜剧 动画 冒险",,老少皆宜，这就是好莱坞动画的魅力。,2013,喜剧/动画/冒险,98分钟,tt0481499,https://movie.douban.com/subject/1907966/
178,绿里奇迹,8.9,390614,弗兰克·德拉邦特 Frank Darabont,汤姆·汉克斯 Tom Hanks / ...,,1999,剧情/悬疑/犯罪/奇幻,189 分钟,tt0120689,https://movie.douban.com/subject/1300374/
179,爱在午夜降临前,8.9,477218,理查德·林克莱特 Richard Linklater,伊桑·霍克 Ethan Hawke ...,所谓爱情，就是话唠一路，都不会心生腻烦，彼此嫌弃。,2013,剧情/爱情,109分钟,tt2209418,https://movie.douban.com/subject/10808442/
180,雨中曲,9.1,270700,斯坦利·多南 Stanley Donen / 吉恩·凯利 Gene Kelly,吉恩·...,,1952,喜剧/爱情/歌舞,103分钟,tt0045152,https://movie.douban.com/subject/1293460/
181,疯狂的石头,8.6,930319,宁浩 Hao Ning,郭涛 Tao Guo / 刘桦 Hua Liu / 连晋 Teddy Lin,中国版《两杆大烟枪》。,2006,喜剧/犯罪,106分钟(香港),tt0843270,https://movie.douban.com/subject/1862151/
182,2001太空漫游,8.9,399608,斯坦利·库布里克 Stanley Kubrick,凯尔·杜拉 Keir Dullea / ...,,1968,科幻/惊悚/冒险,149分钟,tt0062622,https://movie.douban.com/subject/1292226/
183,海街日记,8.8,524523,是枝裕和 Hirokazu Koreeda,绫濑遥 Haruka Ayase / 长泽雅美 M...,是枝裕和的家庭习作。,2015,剧情/家庭,127分钟,tt3756788,https://movie.douban.com/subject/25895901/
184,风之谷,8.9,395249,宫崎骏 Hayao Miyazaki,岛本须美 Sumi Shimamoto / 松田洋治 Y...,,1992,动画/奇幻/冒险,117分钟,tt0087544,https://movie.douban.com/subject/1291585/
185,上帝之城,9.0,334907,"费尔南多·梅里尔斯 Fernando Meirelles / 卡迪亚·兰德 Kátia Lund  &nbsp...
                            2002 / 巴西 法国 / 犯罪 剧情",,,2002,剧情/犯罪,130分钟,tt0317248,https://movie.douban.com/subject/1292208/
186,心迷宫,8.7,621620,忻钰坤 Yukun Xin,霍卫民 Weimin Huo / 王笑天 Xiaotian Wang ...,荒诞讽刺，千奇百巧，抽丝剥茧，百转千回。,2015,剧情/悬疑/犯罪,110分钟(中国大陆),tt4078856,https://movie.douban.com/subject/25917973/
187,英雄本色,8.6,609288,吴宇森 John Woo,周润发 Yun-Fat Chow / 狄龙 Lung Ti / 张国...,,2017,剧情/动作/犯罪,95分钟,tt0092263,https://movie.douban.com/subject/1297574/
188,记忆碎片,8.7,673341,克里斯托弗·诺兰 Christopher Nolan,盖·皮尔斯 Guy Pearce /...,,2026,剧情/悬疑/惊悚/犯罪,113分钟,tt0209144,https://movie.douban.com/subject/1304447/
189,纵横四海,8.8,484425,吴宇森 John Woo,周润发 Yun-Fat Chow / 张国荣 Leslie Cheung...,,2026,剧情/喜剧/动作/犯罪,109分钟,tt0101020,https://movie.douban.com/subject/1295409/
190,无敌破坏王,8.7,615011,瑞奇·莫尔 Rich Moore,约翰·C·赖利 John C. Reilly / 萨拉...,迪士尼和皮克斯拿错剧本的产物。,2012,喜剧/动画/奇幻/冒险,101分钟,tt1772341,https://movie.douban.com/subject/6534248/
191,卢旺达饭店,8.9,368917,特瑞·乔治 Terry George,唐·钱德尔 Don Cheadle / 苏菲·奥...,当这个世界闭上双眼，他却敞开了怀抱。,2004,剧情/传记/历史/战争,121分钟,tt0395169,https://movie.douban.com/subject/1291822/
192,牯岭街少年杀人事件,8.9,372520,杨德昌 Edward Yang,张震 Chen Chang / 杨静怡 Lisa Yang / 张...,,1991,剧情/犯罪,237分钟(导演剪辑版),tt0101985,https://movie.douban.com/subject/1292329/
193,恐怖游轮,8.5,996465,克里斯托弗·史密斯 Christopher Smith,梅利莎·乔治 Melissa ...,不要企图在重复中寻找已经失去的爱。,2009,科幻/悬疑/惊悚/奇幻,99分钟,tt1187064,https://movie.douban.com/subject/3011051/
194,东京教父,9.0,293590,今敏 Satoshi Kon,江守彻 Toru Emori / 梅垣义明 Yoshiaki Ume...,,2003,剧情/喜剧/动画,92分钟,tt0388473,https://movie.douban.com/subject/1310177/
195,小偷家族,8.7,898664,是枝裕和 Hirokazu Koreeda,中川雅也 Lily Franky / 安藤樱 Sa...,我们组成了家。,2018,剧情/家庭/犯罪,117分钟(中国大陆),tt8075192,https://movie.douban.com/subject/27622447/
196,魔女宅急便,8.7,527641,宫崎骏 Hayao Miyazaki,高山南 Minami Takayama / 佐久间玲 Re...,,1989,动画/奇幻/冒险,103分钟,tt0097814,https://movie.douban.com/subject/1307811/
197,冰川时代,8.7,688845,"卡洛斯·沙尔丹哈 Carlos Saldanha / 克里斯·韦奇 Chris Wedge   主演...
                            2002 / 美国 / 喜剧 动画 冒险",,,2002,喜剧/动画/冒险,81分钟,tt0268380,https://movie.douban.com/subject/1291578/
198,芙蓉镇,9.3,191817,谢晋 Jin Xie,刘晓庆 Xiaoqing Liu / 姜文 Wen Jiang / 郑在石...,,1987,剧情/爱情,164 分钟,tt0087301,https://movie.douban.com/subject/1297880/
199,忠犬八公物语,9.2,219843,神山征二郎 Seijirô Kôyama,仲代达矢 Tatsuya Nakadai /...,,1987,剧情,107 分钟,tt0093132,https://movie.douban.com/subject/1959195/
200,岁月神偷,8.7,614396,罗启锐 Alex Law,吴君如 Sandra Ng / 任达华 Simon Yam / 钟绍...,岁月流逝，来日可追。,2010,剧情/家庭,117分钟,tt1602572,https://movie.douban.com/subject/3792799/
201,遗愿清单,8.7,542178,罗伯·莱纳 Rob Reiner,杰克·尼科尔森 Jack Nicholson / 摩根...,用剩余不多的时间，去燃烧整个生命。,2007,剧情/喜剧/冒险,97 分钟,tt0825232,https://movie.douban.com/subject/1867345/
202,荒蛮故事,8.7,520945,达米安·斯兹弗隆 Damián Szifron,达里奥·葛兰帝内提 Darío...,始于荒诞，止于更荒诞。,2025,剧情/喜剧/犯罪,122分钟,tt3011894,https://movie.douban.com/subject/24750126/
203,大佛普拉斯,8.7,557829,黄信尧 Hsin-yao Huang,庄益增 Yizeng Zhuang / 陈竹昇 Chu-sh...,人们可以登上月球，却永远无法探索人们内心的宇宙。,2017,剧情/喜剧,102分钟,tt7010412,https://movie.douban.com/subject/27059130/
204,源代码,8.6,931059,邓肯·琼斯 Duncan Jones,杰克·吉伦哈尔 Jake Gyllenhaal / ...,邓肯·琼斯继《月球》之后再度奉献出一部精彩绝伦的科幻佳作。,2011,科幻/悬疑/惊悚,93分钟,tt0945513,https://movie.douban.com/subject/3075287/
205,花束般的恋爱,8.6,835739,土井裕泰 Nobuhiro Doi,菅田将晖 Masaki Suda / 有村架纯 Kasu...,,2022,剧情/爱情,124分钟,tt11219254,https://movie.douban.com/subject/34874432/
206,白日梦想家,8.6,655008,本·斯蒂勒 Ben Stiller,本·斯蒂勒 Ben Stiller / 克里斯汀·...,,2013,剧情/喜剧/冒险,114分钟,tt0359950,https://movie.douban.com/subject/2133323/
207,爱乐之城,8.4,1128238,达米恩·查泽雷 Damien Chazelle,瑞恩·高斯林 Ryan Gosling /...,,2017,剧情/爱情/歌舞,128分钟,tt3783958,https://movie.douban.com/subject/25934014/
208,疯狂的麦克斯4：狂暴之路,8.7,621858,乔治·米勒 George Miller,汤姆·哈迪 Tom Hardy / 查理兹·塞...,“多么美好的一天！”轰轰轰砰咚，啪哒哒哒轰隆隆，磅~,2015,动作/科幻/冒险,120分钟,tt1392190,https://movie.douban.com/subject/3592854/
209,可可西里,8.9,348490,陆川 Chuan Lu,多布杰 Duobujie / 张磊 Lei Zhang / 亓亮 Qi L...,坚硬的信仰。,2004,剧情/犯罪,85分钟(中国大陆),tt0386651,https://movie.douban.com/subject/1308857/
210,你看起来好像很好吃,8.9,377873,藤森雅也 Masaya Fujimori,山口胜平 Kappei Yamaguchi / 爱河...,感情不分食草或者食肉。,2010,剧情/动画/儿童,90分钟,tt1734113,https://movie.douban.com/subject/4848115/
211,贫民窟的百万富翁,8.6,809527,丹尼·鲍尔 Danny Boyle / 洛芙琳·坦丹 Loveleen Tandan,戴夫...,上帝之城+猜火车+阿甘正传+开心辞典=山寨富翁,2009,剧情/爱情,120分钟,tt1010048,https://movie.douban.com/subject/2209573/
212,波西米亚狂想曲,8.6,694651,布莱恩·辛格 Bryan Singer,拉米·马雷克 Rami Malek / 本·哈...,,2019,剧情/同性/音乐/传记,135分钟,tt1727824,https://movie.douban.com/subject/5300054/
213,城市之光,9.3,174268,查理·卓别林 Charles Chaplin,查理·卓别林 Charles Chaplin ...,,1931,剧情/喜剧/爱情,87分钟,tt0021749,https://movie.douban.com/subject/1293908/
214,爆裂鼓手,8.6,695371,达米恩·查泽雷 Damien Chazelle,迈尔斯·特勒 Miles Teller /...,这个世界从不善待努力的人，努力了也不一定会成功，但是知道自己在努力，就是活下去的动力。,2024,剧情/音乐,107分钟,tt2582802,https://movie.douban.com/subject/25773932/
215,青蛇,8.6,604029,徐克 Hark Tsui,张曼玉 Maggie Cheung / 王祖贤 Joey Wang / ...,,2025,剧情/爱情/奇幻/古装,99分钟,tt0106559,https://movie.douban.com/subject/1303394/
216,哈利·波特与死亡圣器(上),8.6,700555,大卫·叶茨 David Yates,丹尼尔·雷德克里夫 Daniel Radcliffe...,最忠于原著的一部。,2010,奇幻/冒险,146分钟,tt0926084,https://movie.douban.com/subject/2051007/
217,无耻混蛋,8.7,566834,昆汀·塔伦蒂诺 Quentin Tarantino,布拉德·皮特 Brad Pitt / ...,昆汀同学越来越变态了，比北野武还杜琪峰。,2009,剧情/犯罪,153分钟,tt0361748,https://movie.douban.com/subject/1438652/
218,东邪西毒,8.6,637944,王家卫 Kar Wai Wong,张国荣 Leslie Cheung / 林青霞 Brigitte...,,1994,剧情/动作/爱情/武侠/古装,98分钟,tt0109688,https://movie.douban.com/subject/1292328/
219,大红灯笼高高挂,8.8,376392,张艺谋 Yimou Zhang,巩俐 Li Gong / 马精武 Jingwu Ma / 何赛...,,1991,剧情,125 分钟,tt0101640,https://movie.douban.com/subject/1293323/
220,终结者2：审判日,8.8,388463,詹姆斯·卡梅隆 James Cameron,阿诺·施瓦辛格 Arnold Schwarz...,,1991,动作/科幻,137分钟,tt0103064,https://movie.douban.com/subject/1291844/
221,黑天鹅,8.6,850410,达伦·阿罗诺夫斯基 Darren Aronofsky,娜塔莉·波特曼 Natalie...,黑暗之美。,2010,剧情/惊悚,108分钟,tt0947798,https://movie.douban.com/subject/1978709/
222,新龙门客栈,8.7,513210,李惠民 Raymond Lee,张曼玉 Maggie Cheung / 林青霞 Brigitte ...,,2012,动作/爱情/武侠/古装,103分钟,tt0105859,https://movie.douban.com/subject/1292287/
223,初恋这件小事,8.5,1055394,"普特鹏·普罗萨卡·那·萨克那卡林 Puttipong Promsaka Na Sakolnakorn / 华森·波克彭...
                            2010 / 泰国 / 剧情 喜剧 爱情",,黑小鸭速效美白记。,2012,剧情/喜剧/爱情,118分钟(泰国),tt1859438,https://movie.douban.com/subject/4739952/
224,千钧一发,8.8,353627,安德鲁·尼科尔 Andrew Niccol,伊桑·霍克 Ethan Hawke / 乌玛...,,1997,剧情/科幻/惊悚,106分钟,tt0119177,https://movie.douban.com/subject/1300117/
225,人工智能,8.7,505725,史蒂文·斯皮尔伯格 Steven Spielberg,海利·乔·奥斯蒙 Haley...,,2001,剧情/科幻,146分钟,tt0212720,https://movie.douban.com/subject/1302827/
226,崖上的波妞,8.6,578915,宫崎骏 Hayao Miyazaki,奈良柚莉爱 Yuria Nara / 土井洋辉 Hir...,,2020,动画/奇幻/冒险,101分钟,tt0876563,https://movie.douban.com/subject/1959877/
227,雨人,8.7,445030,巴瑞·莱文森 Barry Levinson,达斯汀·霍夫曼 Dustin Hoffman ...,,1988,剧情,133分钟,tt0095953,https://movie.douban.com/subject/1291870/
228,虎口脱险,8.9,298173,杰拉尔·乌里 Gérard Oury,路易·德·菲耐斯 Louis de Funès...,,1966,喜剧/战争,119分钟,tt0060474,https://movie.douban.com/subject/1296909/
229,哈利·波特与凤凰社,8.6,700513,大卫·叶茨 David Yates,丹尼尔·雷德克里夫 Daniel Radcliffe...,,2007,奇幻/冒险,138分钟,tt0373889,https://movie.douban.com/subject/1457217/
230,彗星来的那一夜,8.6,690281,詹姆斯·沃德·布柯特 James Ward Byrkit,艾米丽·芭尔多尼 Em...,小成本大魅力。,2013,科幻/悬疑/惊悚,89分钟,tt2866360,https://movie.douban.com/subject/25807345/
231,罗生门,8.8,360579,黑泽明 Akira Kurosawa,三船敏郎 Toshirô Mifune / 京町子 ...,,1950,剧情/悬疑/犯罪,88分钟,tt0042876,https://movie.douban.com/subject/1291879/
232,海边的曼彻斯特,8.6,657872,肯尼斯·罗纳根 Kenneth Lonergan,卡西·阿弗莱克 Casey Affle...,我们都有权利不与自己的过去和解。,2017,剧情/家庭,137分钟,tt4034228,https://movie.douban.com/subject/25980443/
233,恋恋笔记本,8.5,753639,尼克·卡索维茨 Nick Cassavetes,瑞恩·高斯林 Ryan Gosling /...,爱情没有那么多借口，如果不能圆满，只能说明爱的不够。,2004,剧情/爱情,123分钟,tt0332280,https://movie.douban.com/subject/1309163/
234,火星救援,8.5,842962,雷德利·斯科特 Ridley Scott,马特·达蒙 Matt Damon / 杰西卡...,,2015,剧情/科幻/冒险,142分钟,tt3659388,https://movie.douban.com/subject/25864085/
235,真爱至上,8.5,811230,理查德·柯蒂斯 Richard Curtis,休·格兰特 Hugh Grant / 连姆...,,2003,剧情/喜剧/爱情,135分钟,tt0314331,https://movie.douban.com/subject/1292401/
236,黑客帝国2：重装上阵,8.7,458185,"拉娜·沃卓斯基 Lana Wachowski / 莉莉·沃卓斯基 Lilly Wachowski   ...
                            2003 / 美国 / 动作 科幻",,,2003,动作/科幻,138分钟,tt0234215,https://movie.douban.com/subject/1304141/
237,冰雪奇缘,8.5,836882,克里斯·巴克 Chris Buck / 珍妮弗·李 Jennifer Lee,克里斯汀...,,2014,喜剧/动画/歌舞/奇幻,102分钟,tt2294629,https://movie.douban.com/subject/4202982/
238,步履不停,8.8,330334,是枝裕和 Hirokazu Koreeda,阿部宽 Hiroshi Abe / 夏川结衣 Yu...,日本的家庭电影已经是世界巅峰了，步履不停是巅峰中的佳作。,2008,剧情/家庭,115分钟,tt1087578,https://movie.douban.com/subject/2222996/
239,奇迹男孩,8.6,603141,斯蒂芬·卓博斯基 Stephen Chbosky,雅各布·特伦布莱 Jacob Tr...,世界不完美，爱会有奇迹。,2018,剧情/家庭/儿童,113分钟,tt2543472,https://movie.douban.com/subject/26787574/
240,千年女优,8.8,320238,今敏 Satoshi Kon,庄司美代子 Miyoko Shôji / 小山茉美 Mam...,,2001,剧情/爱情/动画,87 分钟,tt0291350,https://movie.douban.com/subject/1307394/
241,谍影重重2,8.7,402310,保罗·格林格拉斯 Paul Greengrass,马特·达蒙 Matt Damon / ...,谁说王家卫镜头很晃？,2004,动作/悬疑/惊悚,108分钟,tt0372183,https://movie.douban.com/subject/1308767/
242,战争之王,8.7,417863,安德鲁·尼科尔 Andrew Niccol,尼古拉斯·凯奇 Nicolas Cage /...,做一颗让别人需要你的棋子。,2005,剧情/犯罪,122 分钟,tt0399295,https://movie.douban.com/subject/1419936/
243,蜘蛛侠：平行宇宙,8.6,761224,"鲍勃·佩尔西凯蒂 Bob Persichetti / 彼得·拉姆齐 Peter Ramsey   主...
                            2018 / 美国 / 动作 科幻 动画 冒险",,,2018,动作/科幻/动画/冒险,116分钟(中国大陆),tt4633694,https://movie.douban.com/subject/26374197/
244,攻壳机动队,9.0,220304,押井守 Mamoru Oshii,田中敦子 Atsuko Tanaka / 大冢明夫 Akio...,,2025,动作/科幻/动画,83分钟,tt0113568,https://movie.douban.com/subject/1291936/
245,血钻,8.7,423998,爱德华·兹威克 Edward Zwick,莱昂纳多·迪卡普里奥 Leonardo ...,每个美丽事物背后都是滴血的现实。,2006,剧情/惊悚/冒险,143分钟,tt0450259,https://movie.douban.com/subject/1428175/
246,小姐,8.5,581816,朴赞郁 Chan-wook Park,金敏喜 Min-hee Kim / 金泰梨 Tae-ri K...,,2016,剧情/悬疑/情色/同性,145分钟,tt4016934,https://movie.douban.com/subject/25977027/
247,隐藏人物,8.9,275354,特奥多尔·梅尔菲 Theodore Melfi,塔拉吉·P·汉森 Taraji P. ...,,2016,剧情/传记/历史,127分钟,tt4846340,https://movie.douban.com/subject/26615208/
248,血观音,8.6,569336,杨雅喆 Ya-che Yang,惠英红 Kara Wai Ying Hung / 吴可熙 Wu K...,,2017,剧情/悬疑,112分钟,tt7479784,https://movie.douban.com/subject/27113517/
249,魂断蓝桥,8.8,312275,茂文·勒鲁瓦 Mervyn LeRoy,费雯·丽 Vivien Leigh / 罗伯特·...,,1940,剧情/爱情/战争,108分钟,tt0033238,https://movie.douban.com/subject/1293964/
250,房间,8.7,401641,伦尼·阿伯拉罕森 Lenny Abrahamson,布丽·拉尔森 Brie Larson...,被偷走的岁月，被伤害的生命，被禁锢的灵魂，终将被希望和善意救赎。,2015,剧情/家庭,118分钟,tt3170832,https://movie.douban.com/subject/25724855/
